"","State","Year","sum_Population","mean_Model.based.Death.Rate","mean_Standard.Deviation","mean_Lower.Confidence.Limit","mean_Upper.Confidence.Limit","sum_Tot_Clms","sum_Tot_Opioid_Clms","mean_Opioid_Prscrbng_Rate","mean_Opioid_Prscrbng_Rate_1Y_Chg","mean_Opioid_Prscrbng_Rate_5Y_Chg","high_overdose_death_rate","perc_opioid_clms"
"1","Alabama",2018,4891628,14.129157761194,1.42930358208955,11.6764246268657,17.2692468656716,14638930,612210,4.18,-0.67,-1.86,FALSE,4.18206795168773
"2","Alabama",2019,4907965,14.7534446268657,1.49237597014925,12.192472238806,18.0320952238806,14458772,448614,3.1,-1.08,-3.23,FALSE,3.10271162723916
"3","Alabama",2020,4921532,19.1070482089552,1.93221507462687,15.791247761194,23.351947761194,13463064,365500,2.71,-0.39,-2.92,FALSE,2.71483519650505
"4","Alabama",2021,5039877,22.0535946268657,2.22984507462687,18.2270082089552,26.9523250746269,15050912,350474,2.33,-0.38,-3.04,FALSE,2.32858978911045
"5","Alaska",2018,736624,16.5735818518519,3.06598703703704,11.8507962962963,23.8005651851852,2792932,160780,5.76,-0.75,-1.9,FALSE,5.75667434796121
"6","Alaska",2019,733603,17.3060148148148,3.20139814814815,12.3746248148148,24.8521614814815,2867314,130778,4.56,-1.2,-3.33,FALSE,4.56099331988056
"7","Alaska",2020,731158,22.4127362962963,4.1455,16.0268825925926,32.1841014814815,2658552,114262,4.3,-0.26,-3.31,FALSE,4.29790352041262
"8","Alaska",2021,732673,25.8689737037037,4.7843437037037,18.4988766666667,37.1460244444444,2872766,116660,4.06,-0.24,-3.84,TRUE,4.0608946221168
"9","Arizona",2018,7164228,23.70197,1.37222533333333,21.2333893333333,26.60867,30602412,1450316,6.11,-1.83333333333333,-4.86,FALSE,4.73922120909947
"10","Arizona",2019,7291843,24.750716,1.432584,22.173552,27.7852766666667,29909262,1190248,4.81666666666667,-1.29333333333333,-6.58333333333333,FALSE,3.97952981922456
"11","Arizona",2020,7421401,32.053992,1.85348733333333,28.719646,35.9801346666667,28758812,1056116,4.09,-0.726666666666667,-6.2,TRUE,3.67232137405398
"12","Arizona",2021,7276316,36.99314,2.13821666666667,33.1465773333333,41.5224086666667,28666742,1024612,3.77,-0.32,-5.77,TRUE,3.57421851426297
"13","Arkansas",2018,3012161,15.0204244,1.95000213333333,11.7466644,19.3732454666667,4922387,256150,5.2,-1.14,-1.42,FALSE,5.20377613543998
"14","Arkansas",2019,3020985,15.6840478666667,2.036092,12.2657436,20.2290285333333,9269318,420381,4.555,-0.645,-2.885,FALSE,4.53518802569941
"15","Arkansas",2020,3030522,20.3123542666667,2.63645933333333,15.8860141333333,26.1973785333333,8556396,353258,4.16,-0.395,-2.85,FALSE,4.12858404402975
"16","Arkansas",2021,3025891,23.4442472,3.042682,18.3358309333333,30.2359609333333,8530361,304591,3.6,-0.56,-3.28,FALSE,3.57066951797233
"17","California",2018,39437463,21.957839137931,1.341775,19.5819367241379,24.8353103448276,175926220,6641690,3.71333333333333,-0.69,-2.39666666666667,FALSE,3.77527011039059
"18","California",2019,39437610,22.9293646551724,1.40084224137931,20.4488734482759,25.9335106896552,173508190,5527808,3.13666666666667,-0.576666666666667,-3.11666666666667,FALSE,3.18590609469213
"19","California",2020,39368078,29.6960148275862,1.81254827586207,26.4865301724138,33.5830898275862,163857036,4877888,2.91666666666667,-0.22,-2.60666666666667,TRUE,2.97691702417954
"20","California",2021,39237836,34.276525862069,2.09108379310345,30.5738279310345,38.7609224137931,164683328,4653118,2.76666666666667,-0.15,-2.29333333333333,TRUE,2.82549427225566
"21","Colorado",2018,5697155,19.2921886666667,2.84909783333333,14.715698,25.8383983333333,15311120,1028128,6.715,-1.435,-4.345,FALSE,6.71491047029871
"22","Colorado",2019,5758486,20.144711,2.97487933333333,15.3661621666667,26.9799081666667,14661987,816979,5.575,-1.14,-5.525,FALSE,5.57208924001911
"23","Colorado",2020,5807719,26.0889931666667,3.8518545,19.9016263333333,34.9390355,14500935,758613,5.23,-0.345,-4.98,TRUE,5.2314764530701
"24","Colorado",2021,5812069,30.1118295,4.4452225,22.9712006666667,40.3250901666667,16085122,777428,4.49666666666667,-0.146666666666667,-4.81,TRUE,4.83321170955371
"25","Connecticut",2018,3574561,25.78331375,0.81329,24.2446875,27.43318125,18662132,656434,3.52,-0.79,-3.5,TRUE,3.51746520708352
"26","Connecticut",2019,3566022,26.92511375,0.84891125,25.31908,28.64722625,18500740,588958,3.18,-0.34,-3.56,TRUE,3.18342941957997
"27","Connecticut",2020,3557006,34.86614625,1.09696375,32.79073625,37.09137625,17710820,509132,2.87,-0.31,-3.22,TRUE,2.87469467816849
"28","Connecticut",2021,3605597,40.241,1.26469125,37.84819875,42.80641375,17933868,506084,2.82,-0.05,-2.35,TRUE,2.82194560593398
"29","Delaware",2018,966985,28.8730366666667,0.877746666666667,27.2070566666667,30.6483533333333,5079362,209014,3.40666666666667,-0.473333333333333,-2.25,TRUE,4.11496561969791
"30","Delaware",2019,976668,30.1499466666667,0.916146666666667,28.4110566666667,32.0029133333333,5583664,180400,2.75333333333333,-0.653333333333333,-2.71333333333333,TRUE,3.23085343244149
"31","Delaware",2020,986809,39.0385466666667,1.18371666666667,36.7916733333333,41.4325633333333,5352504,144444,2.46,-0.293333333333333,-3.46333333333333,TRUE,2.69862479318091
"32","Delaware",2021,1003384,45.0566633333333,1.36471333333333,42.4661566666667,47.8166633333333,5550094,152866,2.29333333333333,-0.166666666666667,-2.6,TRUE,2.75429569300988
"33","District of Columbia",2018,704147,32.29366,0.59762,31.14347,33.48668,4264150,142732,3.34,-0.476666666666667,-2.00666666666667,TRUE,3.34725560779991
"34","District of Columbia",2019,708253,33.7299,0.62352,32.52985,34.97461,4258546,118394,2.8,-0.54,-2.36666666666667,TRUE,2.78015078385909
"35","District of Columbia",2020,712816,43.6921,0.8034,42.14569,45.29573,3691242,93178,2.53333333333333,-0.266666666666667,-2.34,TRUE,2.52429940925033
"36","District of Columbia",2021,670050,50.4271,0.92516,48.64625,52.2737,2944436,86726,2.66333333333333,0.13,-1.71333333333333,TRUE,2.94541976799632
"37","Florida",2018,21254926,22.3591204477612,1.39228656716418,19.8856486567164,25.3381401492537,57739008,1823786,2.60666666666667,-0.796666666666667,-3.11333333333333,FALSE,3.15867220995553
"38","Florida",2019,21492056,23.3478868656716,1.45356582089552,20.7655574626866,26.4580305970149,53676416,1385806,2.19666666666667,-0.41,-3.19333333333333,FALSE,2.58177818727689
"39","Florida",2020,21733312,30.2379197014925,1.88083373134328,26.8965519402985,34.2622968656716,50712174,1320352,2.25,0.0533333333333333,-2.24333333333333,TRUE,2.60361939916045
"40","Florida",2021,21781128,34.8975017910448,2.16983701492537,31.0427246268657,39.5402644776119,55046442,1359292,2.17333333333333,-0.0766666666666667,-1.64,TRUE,2.46935487674208
"41","Georgia",2018,10519389,15.1353504402516,1.86228905660377,12.0198867295597,19.3012396226415,32164350,1378740,4.34333333333333,-0.87,-2.55333333333333,FALSE,4.28654706219774
"42","Georgia",2019,10628020,15.8041083647799,1.94450251572327,12.5510975471698,20.1538977987421,31231700,1193130,3.87333333333333,-0.47,-2.81,FALSE,3.82025314023892
"43","Georgia",2020,10710017,20.4677645283019,2.5177841509434,16.2556125786164,26.0998847798742,29026300,1034762,3.6,-0.273333333333333,-2.70333333333333,FALSE,3.56491182134823
"44","Georgia",2021,10799566,23.6238179874214,2.90569150943396,18.7626520754717,30.1236049685535,30828280,980956,3.25666666666667,-0.343333333333333,-2.57666666666667,FALSE,3.18200042298824
"45","Hawaii",2018,1423102,16.286046,1.80405,13.450196,20.482232,5070628,232568,8.04666666666667,-1.76333333333333,-5.32,FALSE,4.58657191969121
"46","Hawaii",2019,1415615,17.006158,1.883636,14.04521,21.387468,4408074,172200,7.19,-0.856666666666667,-4.42,FALSE,3.90646799486578
"47","Hawaii",2020,1407006,22.023678,2.438504,18.190542,27.695624,4181162,156114,6.89333333333333,-0.296666666666667,-4.15,FALSE,3.73374674313026
"48","Hawaii",2021,1441553,25.417666,2.813876,20.994468,31.962726,4002246,149016,6.86,-0.0333333333333333,-3.35,TRUE,3.72330936179335
"49","Idaho",2018,1752074,13.9748670454545,2.18478522727273,10.4475284090909,18.9803690909091,4739638,194658,4.11,-1.17,-4.17,FALSE,4.10702251944136
"50","Idaho",2019,1789060,14.5924422727273,2.28126386363636,10.9093231818182,19.8189740909091,4643520,168216,3.62,-0.49,-4.25,FALSE,3.62259665081662
"51","Idaho",2020,1826913,18.8984159090909,2.95401136363636,14.1290331818182,25.6661527272727,6745088,264152,3.92,0.3,-2.93,FALSE,3.91621280552604
"52","Idaho",2021,1900923,21.8123888636364,3.40921636363636,16.3079740909091,29.6229402272727,7851690,281850,3.59,-0.33,-2.53,FALSE,3.58967305127941
"53","Illinois",2018,12724685,16.3101156862745,1.86445862745098,13.1661204901961,20.4583097058824,49583528,1885206,3.61,-1.11,-1.83666666666667,FALSE,3.80208120729126
"54","Illinois",2019,12667017,17.0307993137255,1.94674421568627,13.7480420588235,21.3620624509804,51049366,1694692,2.92333333333333,-0.686666666666667,-3.00666666666667,FALSE,3.31971213903029
"55","Illinois",2020,12587530,22.0564239215686,2.52053009803922,17.8060352941176,27.6642273529412,48145120,1519832,2.78666666666667,-0.136666666666667,-3.28333333333333,FALSE,3.15677269056552
"56","Illinois",2021,12671469,25.456587745098,2.9087437254902,20.5515045098039,31.928061372549,50115560,1572566,2.67666666666667,-0.11,-2.92,TRUE,3.13787973236256
"57","Indiana",2018,6698481,22.92558,2.02610239130435,19.3629392391304,27.2967276086957,30270948,1255098,3.63333333333333,-0.833333333333333,-2.31666666666667,FALSE,4.14621306210826
"58","Indiana",2019,6731010,23.9385656521739,2.11547532608696,20.2187598913043,28.5025116304348,29690738,1088888,3.29,-0.343333333333333,-2.18666666666667,FALSE,3.66743325814266
"59","Indiana",2020,6754953,31.0020695652174,2.73865673913043,26.1863489130435,36.9103516304348,30892820,1085250,3.12666666666667,-0.163333333333333,-3.98,TRUE,3.51295220054369
"60","Indiana",2021,6805985,35.7818761956522,3.1602572826087,30.2247138043478,42.5996214130435,34966360,1169566,2.97333333333333,-0.153333333333333,-2.64333333333333,TRUE,3.34483200424637
"61","Iowa",2018,3149900,8.50812575757576,1.4741003030303,6.1554005050505,11.911025959596,5053658,235436,4.66,0.1,-1.37,FALSE,4.65872443287615
"62","Iowa",2019,3159596,8.88417949494949,1.53921767676768,6.42751484848485,12.4373919191919,5888095,274588,4.66,0,-1.86,FALSE,4.66344377935478
"63","Iowa",2020,3163561,11.5060452525253,1.99325929292929,8.32465141414141,16.1073362626263,13603420,875762,5.94666666666667,1.19,2.01,FALSE,6.43780755133636
"64","Iowa",2021,3193079,13.2803032323232,2.30049757575758,9.60849343434344,18.590794040404,15604328,1082750,6.19333333333333,0.246666666666667,1.41666666666667,FALSE,6.93878006153165
"65","Kansas",2018,2912748,11.3333821904762,2.17047057142857,7.97848057142857,16.4404942857143,6708170,304020,3.49666666666667,-1.18333333333333,-3.10333333333333,FALSE,4.53208550170911
"66","Kansas",2019,2912635,11.834260952381,2.26634257142857,8.33115638095238,17.1669502857143,6455574,213220,2.73666666666667,-0.76,-2.95666666666667,FALSE,3.30288212945898
"67","Kansas",2020,2913805,15.3266060952381,2.93483171428571,10.7901147619048,22.2321528571429,6218098,181134,2.3,-0.436666666666667,-2.89,FALSE,2.91301295026228
"68","Kansas",2021,2934582,17.6900846666667,3.38718047619048,12.4543021904762,25.659922952381,6836094,182054,1.91666666666667,-0.383333333333333,-2.97666666666667,FALSE,2.66312897394331
"69","Kentucky",2018,4464273,32.7782525,3.19261116666667,27.2083168333333,39.7075375833333,45359192,1604566,3.10666666666667,-0.443333333333333,-1.60333333333333,TRUE,3.53746601129932
"70","Kentucky",2019,4472345,34.2263684166667,3.33345466666667,28.41067925,41.46131075,44273560,1319610,2.45666666666667,-0.65,-1.82333333333333,TRUE,2.98058254181502
"71","Kentucky",2020,4477251,44.3238018333333,4.31540116666667,36.7946968333333,53.6896996666667,42198496,1239766,2.58,0.123333333333333,-1.04333333333333,TRUE,2.93793883080572
"72","Kentucky",2021,4509394,51.15562075,4.97964433333333,42.4674179166667,61.9629703333333,43670432,1113306,2.21333333333333,-0.366666666666667,-1.60333333333333,TRUE,2.54933589848619
"73","Louisiana",2018,4664450,20.90689984375,1.84075453125,17.70769953125,24.91289046875,37725860,1469550,3.01333333333333,-0.896666666666667,-3.65666666666667,FALSE,3.89533863509009
"74","Louisiana",2019,4658285,21.8308609375,1.92195328125,18.49053234375,26.01355453125,38025294,1238790,2.52666666666667,-0.486666666666667,-3.89333333333333,FALSE,3.25780518620053
"75","Louisiana",2020,4645318,28.2731596875,2.48810875,23.94879609375,33.68789890625,37649300,1120174,2.29666666666667,-0.23,-2.68,TRUE,2.97528506506097
"76","Louisiana",2021,4624047,32.63338453125,2.87118734375,27.643174375,38.88174859375,40004784,1125534,2.14,-0.156666666666667,-2.4,TRUE,2.81349850557873
"77","Maine",2018,1340123,23.458703125,1.653320625,20.47264,26.950526875,3805548,143560,3.77,-0.27,-3.11,FALSE,3.77238705174656
"78","Maine",2019,1345770,24.49532625,1.72621125,21.377598125,28.141078125,4218386,143886,3.41,-0.36,-2.96,FALSE,3.41092541080878
"79","Maine",2020,1350141,31.723275,2.2344825,27.68743125,36.442378125,4828028,149376,3.09,-0.32,-2.72,TRUE,3.09393400369675
"80","Maine",2021,1372247,36.614573125,2.57835125,31.957566875,42.05983125,5315606,156452,2.94,-0.15,-2.18,TRUE,2.94325802175707
"81","Maryland",2018,6042153,29.1297508333333,1.42033541666667,26.5215120833333,32.08783125,27979930,1201914,3.66333333333333,-0.84,-2.68333333333333,TRUE,4.29562904553371
"82","Maryland",2019,6054954,30.41648375,1.48273708333333,27.6936508333333,33.5045170833333,27341732,1034308,3.23666666666667,-0.426666666666667,-2.96666666666667,TRUE,3.78289129598666
"83","Maryland",2020,6055802,39.3886104166667,1.91788541666667,35.8666508333333,43.3828679166667,26139126,936238,3.10666666666667,-0.13,-2.68666666666667,TRUE,3.58174944334405
"84","Maryland",2021,6165129,45.4546954166667,2.21205916666667,41.3924970833333,50.0615883333333,27852280,893878,2.78,-0.326666666666667,-2.51666666666667,TRUE,3.20935305834926
"85","Massachusetts",2018,6885720,26.0767457142857,1.01261928571429,24.230825,28.1980557142857,32894104,861044,2.61666666666667,-0.52,-3.38666666666667,TRUE,2.61762411889985
"86","Massachusetts",2019,6894883,27.22794,1.05694285714286,25.3012357142857,29.4421178571429,32867162,737660,2.24333333333333,-0.373333333333333,-3.27666666666667,TRUE,2.24436779786463
"87","Massachusetts",2020,6893574,35.2537685714286,1.36609928571429,32.7635928571429,38.1156807142857,31960760,685584,2.14666666666667,-0.0966666666666667,-2.7,TRUE,2.14508040484644
"88","Massachusetts",2021,6984723,40.6860735714286,1.575175,37.81483,43.986025,32315258,710544,2.2,0.0533333333333333,-1.75,TRUE,2.19878795335628
"89","Michigan",2018,9987286,18.5555561445783,1.72995084337349,15.5620420481928,22.3330471084337,57052648,2649328,4.03333333333333,-1.23333333333333,-3.94333333333333,FALSE,4.64365475201081
"90","Michigan",2019,9984795,19.3748434939759,1.80624240963855,16.2493103614458,23.3189193975904,54654366,2076690,3.28666666666667,-0.746666666666667,-4.83333333333333,FALSE,3.79967814465179
"91","Michigan",2020,9966555,25.0910860240964,2.33832927710843,21.0447745783133,30.1969663855422,53243188,1882774,3.05333333333333,-0.233333333333333,-4.07666666666667,TRUE,3.53617818677574
"92","Michigan",2021,10050811,28.9590065060241,2.69831180722892,24.2897304819277,34.8508889156627,55915550,1884062,2.91,-0.143333333333333,-3.40666666666667,TRUE,3.36947772131366
"93","Minnesota",2018,5608762,10.3516589655172,1.49544436781609,7.91081701149425,13.753425862069,23932488,806006,3.2,-0.753333333333333,-3.51333333333333,FALSE,3.36783204487557
"94","Minnesota",2019,5640053,10.8092433333333,1.56148666666667,8.26060034482759,14.3612318390805,22842514,641456,2.69,-0.51,-3.58,FALSE,2.80816726214987
"95","Minnesota",2020,5657342,13.999238045977,2.02197655172414,10.6989327586207,18.5986742528736,22799530,619494,2.56666666666667,-0.123333333333333,-2.97,FALSE,2.71713495848379
"96","Minnesota",2021,5707390,16.1581705747126,2.33357781609195,12.3492235632184,21.466374137931,22673330,626000,2.56,-0.00666666666666667,-2.11666666666667,FALSE,2.76095306688519
"97","Mississippi",2018,2982879,13.3366585365854,1.72785670731707,10.4493303658537,17.2055148780488,10857272,491856,4.3,-1,-3.18333333333333,FALSE,4.53019874605702
"98","Mississippi",2019,2978227,13.9261212195122,1.80415646341463,10.9112813414634,17.9658108536585,10706198,392972,3.52666666666667,-0.773333333333333,-3.65,FALSE,3.67050936289428
"99","Mississippi",2020,2966786,18.0357293902439,2.33614451219512,14.1318317073171,23.266518902439,9690744,319596,3.12666666666667,-0.4,-3.22333333333333,FALSE,3.29795111706593
"100","Mississippi",2021,2949965,20.8168295121951,2.69611695121951,16.3113309756098,26.8535697560976,10588336,321278,2.96,-0.166666666666667,-3.00666666666667,FALSE,3.03426336300624
"101","Missouri",2018,6125986,17.9882733913043,2.13846834782609,14.3971110434783,22.7596493043478,22496780,894078,3.97,-0.91,-2.9,FALSE,3.97424875915575
"102","Missouri",2019,6140475,18.7830506086957,2.23285452173913,15.0333729565217,23.7650147826087,21876222,709370,3.24,-0.73,-3.4,FALSE,3.24265314184506
"103","Missouri",2020,6151548,24.3251528695652,2.89100756521739,19.4701429565217,30.7755127826087,21175348,616784,2.91,-0.33,-3.07,FALSE,2.91274551898746
"104","Missouri",2021,6168187,28.0753877391304,3.33631234782609,22.4724920869565,35.5192425217391,22756470,607536,2.67,-0.24,-2.88,TRUE,2.66972865299407
"105","Montana",2018,1061818,13.9430583928571,2.67927428571429,9.80381625,20.2484328571429,5864562,555938,9.48,2.78,1.05,FALSE,9.47961672158978
"106","Montana",2019,1070123,14.5592271428571,2.79761571428571,10.2371376785714,21.1430875,6100800,601002,9.85,0.37,1.7,FALSE,9.85119984264359
"107","Montana",2020,1080577,18.8555371428571,3.62277053571429,13.258505,27.3811685714286,5894962,574988,9.75,-0.1,2.24,FALSE,9.75388815059368
"108","Montana",2021,1104271,21.7629203571429,4.18110410714286,15.3031771428571,31.6024048214286,5960112,620326,10.41,0.66,2.78,FALSE,10.4079587766136
"109","Nebraska",2018,1925512,6.95777290322581,1.7508123655914,4.39434935483871,11.2043491397849,5372404,210776,3.96333333333333,-0.483333333333333,-1.87333333333333,FALSE,3.92330882040889
"110","Nebraska",2019,1932571,7.26527430107527,1.82816677419355,4.58858430107527,11.6994637634409,4839546,150170,2.82,-1.14333333333333,-2.48666666666667,FALSE,3.1029770147861
"111","Nebraska",2020,1937552,9.40947709677419,2.36755430107527,5.94297462365591,15.1518780645161,4649318,144718,2.53333333333333,-0.286666666666667,-2.29333333333333,FALSE,3.11267157892835
"112","Nebraska",2021,1963692,10.8604812903226,2.73255032258065,6.85951032258065,17.4881191397849,6621986,195342,2.17,-0.363333333333333,-2.19,FALSE,2.94990052833093
"113","Nevada",2018,3030725,25.0605247058824,3.16476588235294,19.9021752941176,32.2626870588235,12727588,694962,5.65,-1.85666666666667,-3.81,TRUE,5.46028045533844
"114","Nevada",2019,3090771,26.1668788235294,3.30436823529412,20.7809847058824,33.6867376470588,11572806,565246,5.07666666666667,-0.573333333333333,-4.74666666666667,TRUE,4.88426056740258
"115","Nevada",2020,3138259,33.8863123529412,4.27795882352941,26.9134417647059,43.6217170588235,11685728,548704,4.85666666666667,-0.22,-4.05333333333333,TRUE,4.6955054918273
"116","Nevada",2021,3143991,39.1094441176471,4.93663235294118,31.0628735294118,50.3437176470588,12744996,534902,4.41666666666667,-0.44,-3.78333333333333,TRUE,4.1969569860987
"117","New Hampshire",2018,1355064,25.423822,1.41152,22.827487,28.359641,2825632,74976,2.81,-0.573333333333333,-3.75333333333333,TRUE,2.65342408353246
"118","New Hampshire",2019,1360783,26.546099,1.473621,23.835522,29.611062,4011768,97344,2.49,-0.32,-3.77333333333333,TRUE,2.42646135070622
"119","New Hampshire",2020,1366275,34.375819,1.906872,30.868209,38.341789,4498352,98306,2.22666666666667,-0.263333333333333,-3.88666666666667,TRUE,2.18537811180628
"120","New Hampshire",2021,1388992,39.674487,2.199994,35.627625,44.250032,4168112,83610,1.92333333333333,-0.303333333333333,-2.94333333333333,TRUE,2.00594417808351
"121","New Jersey",2018,8891730,23.6524566666667,0.766712857142857,22.2044433333333,25.2102723809524,38054324,1123756,2.95666666666667,-0.59,-1.95666666666667,FALSE,2.95303104057242
"122","New Jersey",2019,8891258,24.6962214285714,0.800233333333333,23.1848904761905,26.3221276190476,37577250,992396,2.58,-0.376666666666667,-2.60666666666667,FALSE,2.64094897843775
"123","New Jersey",2020,8882371,31.9769633333333,1.03414714285714,30.0237747619048,34.0780547619048,35592748,900834,2.4,-0.18,-2.53,TRUE,2.53094815831585
"124","New Jersey",2021,9267130,36.9025866666667,1.19221761904762,34.650800952381,39.3247766666667,38024792,890012,2.17,-0.23,-2.14666666666667,TRUE,2.34060977900944
"125","New Mexico",2018,2093754,30.5237618181818,3.01080545454545,25.3859093939394,37.1635048484848,11523066,538754,4.89,-1.08,-2.97666666666667,TRUE,4.67543967898821
"126","New Mexico",2019,2099634,31.8724875757576,3.14359636363636,26.5080133333333,38.8050584848485,10036132,404184,4.08666666666667,-0.803333333333333,-4.27666666666667,TRUE,4.02728860082749
"127","New Mexico",2020,2106319,41.2753206060606,4.06952606060606,34.3306003030303,50.2496739393939,9112036,317060,3.26666666666667,-0.82,-4.68666666666667,TRUE,3.47957361011304
"128","New Mexico",2021,2115877,47.6388493939394,4.69593575757576,39.6250039393939,57.9944603030303,9538024,316756,2.94666666666667,-0.32,-4.56333333333333,TRUE,3.32098136888731
"129","New York",2018,19544098,15.8487079032258,1.02166387096774,14.0155974193548,18.0176022580645,132344098,2647330,1.70666666666667,-0.4,-1.54,FALSE,2.00033854173081
"130","New York",2019,19463131,16.5486190322581,1.06665177419355,14.6347887096774,18.8130158064516,131136236,2277096,1.51333333333333,-0.193333333333333,-1.39,FALSE,1.73643538159811
"131","New York",2020,19336776,21.4328329032258,1.38049725806452,18.955869516129,24.3634741935484,122988762,1978616,1.33666666666667,-0.176666666666667,-1.52333333333333,FALSE,1.60877788167345
"132","New York",2021,19835913,24.7378029032258,1.59278919354839,21.87992,28.119105,134312200,1973380,1.20333333333333,-0.133333333333333,-1.31,FALSE,1.46924851204879
"133","North Carolina",2018,10391358,23.4599683,1.8494759,20.1809309,27.4240129,30663602,1227274,4,-1.55,-3.85,FALSE,4.00238041179898
"134","North Carolina",2019,10501384,24.4964235,1.9310255,21.072789,28.6352429,31029046,1040258,3.35,-0.65,-3.98,FALSE,3.35252975550715
"135","North Carolina",2020,10600823,31.724637,2.4997117,27.2926278,37.0822253,27612162,910996,3.3,-0.05,-3.75,TRUE,3.29925632045763
"136","North Carolina",2021,10551162,36.6164502,2.8844984,31.5021318,42.7986661,26486185,844128,3.175,-0.125,-3.065,TRUE,3.18705015463722
"137","North Dakota",2018,760062,7.91156452830189,1.93701735849057,5.05671603773585,12.5930309433962,1531046,55413,3.545,-0.86,-3.235,FALSE,3.61929034137446
"138","North Dakota",2019,763724,8.26121301886792,2.02259754716981,5.28022113207547,13.1494998113208,1905308,59462,3.13333333333333,-0.77,-4.76333333333333,FALSE,3.12086024936651
"139","North Dakota",2020,765309,10.6993224528302,2.61934,6.83873849056604,17.0297616981132,1887810,55384,2.05,-1.08333333333333,-5.08333333333333,FALSE,2.93376981793719
"140","North Dakota",2021,774948,12.3492281132075,3.02314037735849,7.89342754716981,19.65552,2088602,58762,1.97,-0.08,-4.1,FALSE,2.81346086999821
"141","Ohio",2018,11680892,26.4536239772727,1.64904454545455,23.4674545454545,29.92856,86008504,2580962,2.84,-1.14666666666667,-4.38333333333333,TRUE,3.00082187221859
"142","Ohio",2019,11696507,27.6227225,1.72166647727273,24.505035,31.2506777272727,84116914,2126136,2.46666666666667,-0.373333333333333,-4.26666666666667,TRUE,2.52759629294056
"143","Ohio",2020,11693217,35.7718354545455,2.22805545454545,31.7370713636364,40.4667954545455,79619014,1943786,2.35333333333333,-0.113333333333333,-3.4,TRUE,2.441359045215
"144","Ohio",2021,11780017,41.2839829545455,2.57054886363636,36.6289517045455,46.7005954545455,79276830,1880182,2.26333333333333,-0.09,-2.75333333333333,TRUE,2.37166647556417
"145","Oklahoma",2018,3943488,22.0340355844156,2.52400376623377,17.7549854545455,27.6277627272727,11188230,603118,5.39,-1.03,-3.45,FALSE,5.39064713542714
"146","Oklahoma",2019,3960676,23.0074180519481,2.63539038961039,18.5395115584416,28.8479836363636,10713988,473672,4.42,-0.97,-3.91,FALSE,4.42106151322925
"147","Oklahoma",2020,3980783,29.7955901298701,3.41212311688312,24.0107019480519,37.3574118181818,9948668,424166,4.26,-0.16,-3.37,TRUE,4.26354563244044
"148","Oklahoma",2021,3986639,34.389248961039,3.93765701298701,27.7132666233766,43.1156368831169,11553522,587724,5.09,0.83,-2.09,TRUE,5.08696828551501
"149","Oregon",2018,4183538,15.7667116666667,1.65984611111111,12.9849825,19.4729738888889,18257324,885556,4.04333333333333,-1.18666666666667,-4.24666666666667,FALSE,4.85041509916787
"150","Oregon",2019,4216116,16.4635361111111,1.73309333333333,13.5590486111111,20.3333430555556,18357758,763286,3.39333333333333,-0.65,-4.68666666666667,FALSE,4.15783888206828
"151","Oregon",2020,4241507,21.3215497222222,2.24383111111111,17.5610833333333,26.3317491666667,19077920,751736,3.14333333333333,-0.25,-3.93,FALSE,3.94034569806352
"152","Oregon",2021,4246155,24.61025,2.58943944444444,20.2705316666667,30.3921102777778,19690656,726968,2.93666666666667,-0.206666666666667,-3.35666666666667,FALSE,3.69194403680609
"153","Pennsylvania",2018,12809107,24.8520256716418,1.43764074626866,22.2647058208955,27.8960656716418,67365232,1851226,2.31333333333333,-1.19,-3.92,FALSE,2.74804367926767
"154","Pennsylvania",2019,12798883,25.9496471641791,1.5008823880597,23.2485107462687,29.1275949253731,64523464,1235300,1.67666666666667,-0.636666666666667,-3.94333333333333,TRUE,1.91449733696877
"155","Pennsylvania",2020,12783254,33.6042459701493,1.94200686567164,30.1092079104478,37.7162089552239,62407456,996158,1.44,-0.236666666666667,-3.99333333333333,TRUE,1.59621632389566
"156","Pennsylvania",2021,12964056,38.7822107462687,2.24036910447761,34.7502008955224,43.5259102985075,65390786,910166,1.29333333333333,-0.146666666666667,-3.14,TRUE,1.39188723010609
"157","Rhode Island",2018,1059338,25.58153,1.160968,23.428006,27.9786,7030800,177408,2.18333333333333,-0.803333333333333,-2.66,TRUE,2.52329749103943
"158","Rhode Island",2019,1058158,26.710948,1.211948,24.462854,29.213268,6398116,143604,1.94333333333333,-0.24,-3.3,TRUE,2.2444732168032
"159","Rhode Island",2020,1057125,34.59193,1.567698,31.683852,37.828706,6263382,132386,1.82,-0.123333333333333,-2.62,TRUE,2.11365042081099
"160","Rhode Island",2021,1095610,39.92356,1.808228,36.569258,43.656894,6551142,137168,1.68333333333333,-0.136666666666667,-2.06666666666667,TRUE,2.09380288200134
"161","South Carolina",2018,5091702,18.4181080434783,1.43242195652174,15.8931267391304,21.501915,13186054,467378,3.29,-1.07,-3.52,FALSE,3.5444872287039
"162","South Carolina",2019,5157702,19.2317834782609,1.49557065217391,16.5954836956522,22.4515397826087,12947744,356418,2.62666666666667,-0.663333333333333,-3.86666666666667,FALSE,2.75274209931861
"163","South Carolina",2020,5218040,24.907577173913,1.93603717391304,21.4948002173913,29.0755465217391,12912846,304678,2.31666666666667,-0.31,-3.62666666666667,TRUE,2.3594953428547
"164","South Carolina",2021,5190705,28.7486123913043,2.23406347826087,24.8104523913043,33.55815,13271838,289112,2.12666666666667,-0.19,-3.15333333333333,TRUE,2.17838704782262
"165","South Dakota",2018,879386,7.48319454545455,1.83642681818182,4.76779484848485,11.9146040909091,1767482,65570,3.71,-1.07,-3.61,FALSE,3.70979732749754
"166","South Dakota",2019,887127,7.81393090909091,1.91756590909091,4.97854712121212,12.4411225757576,1737702,52842,3.04,-0.67,-3.68,FALSE,3.04091265360804
"167","South Dakota",2020,892717,10.1199851515152,2.48331545454545,6.44797909090909,16.1122890909091,1693148,48546,2.87,-0.17,-3.19,FALSE,2.86720357582444
"168","South Dakota",2021,895376,11.6805771212121,2.86615696969697,7.44241712121212,18.5966383333333,1895118,52128,2.75,-0.12,-2.64,FALSE,2.75064666157991
"169","Tennessee",2018,6778180,28.9484581052632,2.50344968421053,24.5311377894737,34.3349066315789,27186460,914858,2.79666666666667,-1.65333333333333,-3.47,TRUE,3.36512366817894
"170","Tennessee",2019,6830325,30.2277222105263,2.61386326315789,25.6155535789474,35.8517126315789,27985634,682374,1.98333333333333,-0.813333333333333,-3.20666666666667,TRUE,2.43830102258895
"171","Tennessee",2020,6886834,39.1468454736842,3.38370989473684,33.176094,46.4270562105263,26937364,1042014,7.48666666666667,5.50333333333333,2.19666666666667,TRUE,3.86828495913706
"172","Tennessee",2021,6975218,45.1824871578947,3.904514,38.2926124210526,53.5831012631579,14161072,694218,4.9,1.03,-2.15,TRUE,4.90229835707353
"173","Texas",2018,28624564,12.1302564173228,1.8753675984252,9.14289724409449,16.461869015748,62002566,1781982,2.70666666666667,-0.413333333333333,-1.70666666666667,FALSE,2.87404556772699
"174","Texas",2019,28986794,12.6662796062992,1.95817787401575,9.54700192913386,17.1891554724409,59548098,1462654,2.26,-0.446666666666667,-1.73,FALSE,2.45625645339671
"175","Texas",2020,29360759,16.4041040944882,2.53562287401575,12.3649202362205,22.2606655511811,52440612,1273638,2.04,-0.22,-1.19666666666667,FALSE,2.42872451602968
"176","Texas",2021,29527941,18.9335634645669,2.92635216535433,14.2719074409449,25.6925512598425,56750448,1152048,1.67666666666667,-0.363333333333333,-1.49,FALSE,2.03002450306648
"177","Utah",2018,3155153,23.6218520689655,2.8471575862069,18.8970820689655,30.0254210344828,4985862,240268,4.70666666666667,-0.99,-3.13,FALSE,4.81898616528095
"178","Utah",2019,3203383,24.66508,2.97276931034483,19.7318489655172,31.3511506896552,5247448,226236,4.29,-0.416666666666667,-3.70333333333333,FALSE,4.31135287095746
"179","Utah",2020,3249879,31.9412789655172,3.84873931034483,25.5542562068966,40.5973634482759,6112686,249732,3.90333333333333,-0.386666666666667,-3.70666666666667,TRUE,4.08547077340469
"180","Utah",2021,3337975,36.8644575862069,4.44137172413793,29.4938420689655,46.8533068965517,6766770,246394,3.47333333333333,-0.43,-3.55,TRUE,3.64123503532705
"181","Vermont",2018,624802,20.63188,2.03264571428571,17.1003435714286,25.0566928571429,2993182,121040,4.04,-1,-4.81,FALSE,4.04385700568826
"182","Vermont",2019,624046,21.5432635714286,2.12233214285714,17.8558885714286,26.1632957142857,1466352,47130,3.21,-0.83,-4.93,FALSE,3.2140986611673
"183","Vermont",2020,623347,27.9003414285714,2.74783714285714,23.1260735714286,33.8818864285714,1455947,42788,2.94,-0.27,-4.09,TRUE,2.93884324085973
"184","Vermont",2021,645570,32.2022192857143,3.17103428571429,26.6925671428571,39.1048971428571,1594969,43511,2.73,-0.21,-3.6,TRUE,2.72801540343417
"185","Virginia",2018,8510920,19.4441915037594,2.12882827067669,15.8012352631579,24.1311745864662,22209454,1456180,7.79666666666667,3.73,1.34333333333333,FALSE,6.55657721256903
"186","Virginia",2019,8556642,20.3034030075188,2.22279097744361,16.499637593985,25.1972436090226,33894694,3506960,12.7366666666667,4.94,6.99333333333333,FALSE,10.346634195901
"187","Virginia",2020,8590563,26.2945683458647,2.87795436090226,21.3695208270677,32.6307369172932,37722742,4843288,13.3133333333333,0.576666666666667,8.21,TRUE,12.839172719735
"188","Virginia",2021,8642274,30.3487376691729,3.3212245112782,24.6650308270677,37.6607316541353,38611544,5594998,13.5166666666667,0.203333333333333,7.86333333333333,TRUE,14.4904798419872
"189","Washington",2018,7526793,19.2188984615385,1.68476076923077,16.3173497435897,22.9093861538462,28518848,1431070,6.05666666666667,-1.25,-2.60666666666667,FALSE,5.01797968838012
"190","Washington",2019,7614024,20.0681428205128,1.75905230769231,17.0386464102564,23.92136,28190986,1150808,4.81,-1.24666666666667,-4.63666666666667,FALSE,4.08218428401192
"191","Washington",2020,7693612,25.9897471794872,2.27711794871795,22.0679866666667,30.9777602564103,27178166,1044056,3.75666666666667,-1.05333333333333,-4.94666666666667,TRUE,3.84152484755594
"192","Washington",2021,7738692,29.9977817948718,2.62763282051282,25.4723082051282,35.7535602564103,27063926,1021568,3.57,-0.186666666666667,-4.42666666666667,TRUE,3.77464821622702
"193","West Virginia",2018,1805953,39.4864149090909,3.16316181818182,33.9039934545455,46.2901350909091,9481639,258932,2.73,-0.88,-4.19,TRUE,2.73087806865459
"194","West Virginia",2019,1795263,41.2305072727273,3.30259836363636,35.4019789090909,48.3341178181818,9252345,198674,2.15,-0.58,-4.75,TRUE,2.14728266185491
"195","West Virginia",2020,1784787,53.3934872727273,4.27485018181818,45.8488910909091,62.5881258181818,8518818,167406,1.97,-0.18,-3.63,TRUE,1.96513178236699
"196","West Virginia",2021,1782959,61.6214929090909,4.93243527272727,52.9161978181818,72.2303690909091,8609004,162857,1.89,-0.08,-2.67,TRUE,1.89170547487259
"197","Wisconsin",2018,5809319,14.7871826388889,1.55956861111111,12.1191022222222,18.2215356944444,21773868,1178824,5.15333333333333,-0.886666666666667,-3.54,FALSE,5.41393931477861
"198","Wisconsin",2019,5824581,15.4407448611111,1.62839763888889,12.65490625,19.0266597222222,21278156,1002380,4.61,-0.543333333333333,-3.89,FALSE,4.71084054464118
"199","Wisconsin",2020,5832655,19.9971663888889,2.10831861111111,16.3902219444444,24.6398597222222,21138488,966524,4.57,-0.14,-3.95,FALSE,4.57234216562698
"200","Wisconsin",2021,5895908,23.0805463888889,2.43303027777778,18.9180331944444,28.4382391666667,22324876,983208,4.4,-0.17,-3.265,FALSE,4.40409165094579
"201","Wyoming",2018,579054,15.6629508695652,2.2069947826087,12.014327826087,20.6410934782609,946892,46790,4.94,-0.9,-2.84,FALSE,4.94142943440223
"202","Wyoming",2019,580116,16.35515,2.30446304347826,12.5453769565217,21.5531260869565,884660,39218,4.43,-0.51,-3.37,FALSE,4.43311554721588
"203","Wyoming",2020,582328,21.1813360869565,2.98400347826087,16.2480104347826,27.9119734782609,826398,35670,4.32,-0.11,-3,FALSE,4.31632215954056
"204","Wyoming",2021,578803,24.4471652173913,3.44379391304348,18.7536026086957,32.2148117391304,893242,35426,3.97,-0.35,-2.44,FALSE,3.96600249428486
